customer_id,probability
75562265,0.50529444
84816985,0.6459553
54129921,0.035603765
23160845,0.022701599
45646491,0.056512684
37245184,0.4239105
67480620,0.10239609
74041795,0.09815139
19635150,0.6231338
24825702,0.8838047
13868306,0.87121224
1133595,0.72038054
46890366,0.4239105
54096213,0.9033176
43869219,0.20282444
14409598,0.9252147
79414195,0.70050067
610375,0.7373143
36661620,0.3682241
39216943,0.05153624
69512175,0.4239105
5712129,0.10832098
80339866,0.9854913
52091338,0.30557668
87667031,0.41477358
16768663,0.6889645
87866237,0.7717817
29709918,0.4239105
6808459,0.8942788
29607953,0.4964806
10915793,0.9921232
68368659,0.10989454
85681838,0.4239105
24436367,0.8464477
88351231,0.43273523
91403118,0.37319043
21512738,0.12329585
59763029,0.18375126
78066879,0.5253316
92197764,0.99350476
37466831,0.11845621
70207491,0.614013
54083546,0.057902165
45761613,0.53579533
88365698,0.04289812
22235271,0.91265947
43184017,0.118899636
48923266,0.31880185
48675742,0.6892425
85985640,0.22666283
95154029,0.63895863
23097908,0.08562046
94110803,0.7915588
65526075,0.026710546
24953128,0.2774774
83260097,0.9856932
76010375,0.97663796
69711372,0.71760696
36881891,0.91425115
86985779,0.9589911
14331004,0.96699256
43030014,0.9623316
60545607,0.2485095
21947799,0.3329773
63030316,0.8939326
1541259,0.16457614
23840539,0.5431368
4747261,0.022033729
32312405,0.117786415
16048969,0.05838726
70168817,0.4198631
11234608,0.46535736
28008761,0.89792705
34964311,0.0646863
52549295,0.7660101
22787448,0.2074007
3323243,0.4239105
53799749,0.39459535
99985917,0.4239105
12434084,0.0604623
51392158,0.7165933
7286014,0.040605202
28336912,0.92928475
44982602,0.24278046
20789093,0.5741832
70570397,0.8610178
81671241,0.8610163
36981135,0.46144086
62337080,0.19742805
9688107,0.1377564
85169712,0.024054626
79180109,0.7523572
33247582,0.8796724
12542015,0.013770267
21770327,0.4929846
37399762,0.4239105
15004238,0.38036287
29099060,0.029883312
59349430,0.4239105
52575122,0.4978264
39653282,0.22399391
48156344,0.93332505
61799579,0.02851441
48655419,0.1530122
49078030,0.57970005
85572010,0.31564686
21153587,0.8049562
6022714,0.2857803
9211054,0.4239105
63254157,0.94766206
86305054,0.48864272
80600060,0.52185374
99836889,0.4239105
48857176,0.0977744
22199923,0.8307116
69131449,0.8581835
68257594,0.092236735
25446500,0.04330419
60708146,0.4239105
77277302,0.4239105
69487700,0.4239105
3075545,0.28193665
5128692,0.4239105
10774706,0.60450315
16393345,0.17803371
21019874,0.113391034
16395398,0.11744035
31385,0.07418692
79234235,0.7661165
41326260,0.21632117
31625291,0.28806356
62745906,0.5676898
44953616,0.20022231
80229606,0.8538169
13389616,0.13969286
57945406,0.43824157
22669958,0.5624957
25174482,0.10966384
42426678,0.94556403
67628722,0.9781482
92052392,0.87214434
63738439,0.4239105
65220358,0.17453377
91417170,0.2883561
34715212,0.12913568
54022699,0.43013424
5030826,0.85272944
99225265,0.91150016
71996109,0.5427449
49288762,0.29132327
94820148,0.4239105
54518053,0.92956465
16862454,0.7196406
37863592,0.07835481
11349383,0.024358947
4077097,0.0072597326
73599818,0.88618803
86416983,0.9072918
8318445,0.90304565
51619523,0.3621068
17661325,0.12179599
33175070,0.16717786
48629324,0.24594635
15515571,0.7873676
44632666,0.055826258
22000295,0.9475517
24224910,0.95870847
53979285,0.50385207
68393589,0.0079148775
44029891,0.030828418
43941597,0.4239105
36187587,0.7479711
14711088,0.4239105
43280099,0.33347082
21835349,0.9569231
63833221,0.020083746
14248648,0.9311177
52340213,0.31597647
20352822,0.5461653
10727511,0.42899215
27583567,0.5226428
39310095,0.9017064
45959906,0.023719024
12390619,0.9621056
66714675,0.904428
76362870,0.22804247
6180127,0.30334693
77031071,0.4239105
63304022,0.38843796
21632339,0.31465736
81479825,0.98057795
93470404,0.39757204
46354312,0.4239105
39919267,0.4239105
43506939,0.5787553
37264362,0.061874952
52433000,0.15643236
86327634,0.6094112
9863722,0.11925052
71211832,0.36742404
35905456,0.50136113
55675702,0.74866873
79434044,0.88206226
90053651,0.65126085
74173548,0.96925575
80777234,0.07326447
62752982,0.65712976
78237178,0.4239105
49637817,0.13473229
57604938,0.17034197
91183805,0.858618
75846272,0.023843428
51324138,0.28895164
18032393,0.7298794
59728965,0.5398875
78659,0.79345554
61225878,0.16052398
69868888,0.38052934
9899289,0.3938557
8057640,0.8884832
79733502,0.2895894
52358368,0.20717593
69613297,0.4239105
10685683,0.040160485
16462973,0.9821315
81442390,0.19557323
61710092,0.4357696
49697655,0.10301156
58609411,0.2548364
27048150,0.41180113
44521922,0.77574855
98137482,0.13914691
86941639,0.43628192
3719119,0.3669384
79637922,0.14766
56486360,0.4239105
95873844,0.013085125
82873839,0.19433862
82904098,0.5129635
15826213,0.9189612
51314893,0.4239105
75405930,0.51927274
67948907,0.1257808
954126,0.06807821
28463720,0.97565395
35845743,0.031288307
16745983,0.4239105
96319425,0.77285534
45459901,0.41401762
79422293,0.2741076
79875919,0.8011355
62140553,0.14486194
58199695,0.5528543
83490400,0.29445392
65891854,0.6571237
28982398,0.88544786
67327004,0.58404267
68993750,0.18105528
64029834,0.44186857
3363940,0.04473493
97262944,0.4239105
65082603,0.08019668
3931715,0.1684959
85219732,0.4239105
38073232,0.33102095
84430668,0.71812826
70939175,0.4239105
27133006,0.017206898
87460303,0.06085253
83907805,0.4239105
69705190,0.13083938
93366462,0.5171074
99149408,0.04898244
34398747,0.95143086
43556246,0.8357702
28168112,0.4239105
77190492,0.90992534
27322560,0.20170951
30831381,0.74130064
59836870,0.9960687
2852393,0.8685743
76313007,0.0041491035
25063166,0.4239105
75463975,0.8103423
46740639,0.014447282
24965506,0.9849722
8014460,0.87604994
44714700,0.35755402
17859769,0.21074702
13325805,0.7702307
94157282,0.28340027
19652861,0.09637748
63273720,0.47973254
82670667,0.008522936
30848325,0.5175428
57595813,0.49097624
19968378,0.3887926
82186195,0.29039493
44758820,0.4239105
77010833,0.61185294
40493306,0.046814382
59298345,0.4239105
37714083,0.41247767
8836504,0.19819142
6095580,0.061360624
66588178,0.9695106
55388963,0.4239105
91869702,0.028956676
58038456,0.4239105
29619922,0.48784336
32621083,0.4239105
40295622,0.8819791
34223624,0.20031434
5522306,0.54067445
82294843,0.5356908
80946485,0.54969555
73426176,0.056569763
65608139,0.992897
49605134,0.88033634
31240824,0.09951272
79405352,0.5766282
19239257,0.14260025
82934797,0.30609748
67596113,0.3829065
18348644,0.7534849
87455713,0.4239105
35650432,0.4856596
27005693,0.899746
60064419,0.4464482
94599009,0.12332268
43035727,0.100413084
95688478,0.25994387
76348095,0.98646355
60073858,0.4239105
58822685,0.21465635
34362299,0.7138253
20646461,0.8734943
63389358,0.8608418
279454,0.85770756
26447342,0.13982348
63481603,0.1283575
32531135,0.71230394
45846624,0.8795666
48224220,0.15085067
11631304,0.37447712
21865414,0.27703756
73001101,0.3481324
78476887,0.40484408
44593028,0.3233394
19061005,0.6015333
42911253,0.69193786
79986613,0.044704657
1798485,0.9183007
16579578,0.67847073
94284222,0.92170817
16057697,0.44276828
4543137,0.16913947
50281633,0.38138777
68326027,0.4239105
29127439,0.2576052
60405817,0.4239105
22850599,0.18235832
68089024,0.9411111
93559700,0.9680057
27282344,0.94094115
89409884,0.70659167
44771419,0.027223838
35972896,0.7904007
83627582,0.13205017
84425967,0.9029502
43751504,0.06516161
59074588,0.56156164
73197097,0.26661393
75278479,0.4239105
27592910,0.05236441
95724637,0.030359617
16563089,0.6286243
23529792,0.07357972
3332843,0.05954805
11671863,0.09664676
73538858,0.8996847
6342326,0.48154598
92820759,0.20974141
46949310,0.6197142
67080684,0.029698685
67843345,0.4239105
95202077,0.025102632
39156769,0.9469663
7825000,0.9620667
32859557,0.75402206
23031582,0.4239105
89653769,0.8213157
61301814,0.05453765
70678764,0.3238302
34954694,0.276026
74856664,0.061382465
701335,0.83934695
88229777,0.12264265
35868459,0.4239105
73221113,0.52407485
41089888,0.47009033
99713467,0.0424898
73238226,0.28886756
52999771,0.6125758
28400001,0.09866663
27015970,0.031146664
95088517,0.11754996
3141788,0.023386333
36865104,0.59372884
42212106,0.9719373
58444075,0.4239105
45882698,0.2267536
11765794,0.4417204
12069120,0.10796035
28889897,0.78720176
73020625,0.14107479
17173846,0.23644178
28868771,0.9864422
35414109,0.49691755
47169483,0.27644795
46217685,0.18406355
67595521,0.40346435
19711526,0.5324589
93097060,0.4239105
91683449,0.67623925
33014890,0.5650995
16938566,0.7912289
1748625,0.04533162
84674282,0.5296662
43801606,0.9110241
7468632,0.26749116
37353898,0.59162503
51861640,0.4239105
5813739,0.51049083
10524021,0.14494944
63476418,0.61743194
20083809,0.4239105
40157852,0.765286
47170303,0.390917
7643575,0.6032366
97517538,0.7976558
70178916,0.9061069
5234323,0.4274049
25014745,0.96967524
70259852,0.3720953
85102588,0.16966985
84477305,0.026275398
60791671,0.8852599
43801813,0.049770914
29786897,0.014367399
2569589,0.023198772
25075275,0.21480168
82798642,0.03286991
62832400,0.09698281
73778310,0.58806604
35822286,0.65805125
70734869,0.58711123
63532469,0.07767947
64568634,0.12707792
24048165,0.92632383
36555105,0.9899457
49543927,0.057712913
90514029,0.75632995
86639682,0.9360797
55878885,0.26988095
39226483,0.8159909
90607472,0.42144826
64056554,0.66547185
55943826,0.15917529
70921924,0.77780193
43346854,0.64740664
78847089,0.28713033
16622470,0.11835044
1336622,0.58240736
8411774,0.4239105
64261604,0.052612655
70848169,0.15935832
7050763,0.036129206
35172258,0.44798
33419986,0.13951746
37356584,0.4239105
36837532,0.24532127
89721350,0.030988097
3082002,0.3291774
48047924,0.08097228
18798580,0.60450315
69587520,0.052359655
47895869,0.9472781
88442358,0.94482917
94864243,0.3233394
99888537,0.2931286
56129260,0.92569673
80021276,0.73204464
89267268,0.9335016
47328757,0.06938116
47117781,0.027957536
89235739,0.67866355
498222,0.37656748
29765684,0.7577906
17589274,0.34351245
19345776,0.3340518
12596291,0.8782242
90961024,0.45218846
32894421,0.5069633
76477099,0.4239105
4736715,0.9331102
42450881,0.92576885
64026830,0.9558784
96225247,0.65712976
3605631,0.46952033
60004384,0.98723733
7941670,0.6262
5003413,0.4239105
46812240,0.17475773
61192669,0.9333235
84080831,0.4239105
98434538,0.21117555
95852599,0.5680453
26678456,0.17336172
62821040,0.9650606
68800304,0.92380625
33393472,0.4239105
784488,0.15528399
53456419,0.8881286
55003434,0.2525229
97068969,0.4239105
55369363,0.48428318
45482726,0.17182527
36713930,0.4239105
28035686,0.27644795
67216029,0.32445693
79452683,0.75682616
89019714,0.9961355
12053904,0.92950153
77044325,0.93321747
53931678,0.33407593
30285081,0.2805568
56389592,0.49434865
20358875,0.88295525
29112408,0.069643155
43669023,0.17443186
55793767,0.6147015
7481941,0.6339583
50598019,0.5437929
6168444,0.9044645
5285278,0.8972923
85614078,0.0043130517
65945953,0.63523823
28870141,0.40416864
23690961,0.28512037
5253697,0.60012275
47490635,0.14873545
53589977,0.122361965
72224381,0.150899
28551353,0.28682876
36557220,0.08945621
31886314,0.44275233
68600759,0.4239105
11327023,0.5385072
70982049,0.35570487
24998223,0.596514
23060623,0.6267569
76113396,0.9493754
11562634,0.026735114
83793452,0.4239105
56519127,0.8525821
57249461,0.31420162
85686490,0.4239105
83941637,0.18113987
18965515,0.80004525
34756635,0.008661688
40132925,0.21117555
59053159,0.99582386
89700094,0.4239105
47160860,0.9571468
23378995,0.08615332
39171733,0.9107872
10011328,0.97861356
25537795,0.8483191
44466557,0.4239105
59723709,0.40251857
17750079,0.8685107
80235969,0.3233394
92418320,0.57059634
39295714,0.99002784
98762469,0.5230213
86690867,0.4239105
62258087,0.6484788
2946788,0.10671948
77634195,0.6354292
8682085,0.8554284
85187502,0.25566193
51886931,0.7306932
53923485,0.37637964
1020634,0.03501022
14267405,0.07482438
46142955,0.19156358
85862087,0.024256684
42121332,0.16275363
36458534,0.5865776
98455054,0.64326864
52164822,0.97863597
43433125,0.20769893
49572519,0.37230018
32704323,0.860215
70426342,0.11326555
49815462,0.01693428
94180042,0.7939139
52740417,0.4986195
1747033,0.4239105
81483040,0.20483388
25290690,0.3379488
8495915,0.4547789
90773101,0.93953353
27255147,0.31913188
12342280,0.7862671
91647598,0.036550976
49929502,0.92047083
9054088,0.38282794
17703907,0.022980956
28423951,0.36704564
85884054,0.4239105
89501240,0.44178432
59627043,0.17286856
50423414,0.0767969
48172242,0.4239105
41115094,0.4525392
64855819,0.43371856
5129634,0.5194554
97534328,0.4239105
71835764,0.06812382
35953316,0.4239105
30921430,0.8755565
52131601,0.830898
70143123,0.05493016
66287048,0.61565036
97169970,0.72579837
60374532,0.3307611
64228662,0.8417204
92874020,0.65825963
45431238,0.12138279
63801566,0.022937534
62935972,0.31362942
54029679,0.43336275
86000591,0.58240736
1804650,0.3379823
22771802,0.14867938
54491451,0.28659567
66061266,0.94602704
44733932,0.76418316
20524734,0.11053243
36592809,0.8813689
64004910,0.09313774
82252018,0.26841417
89938970,0.4239105
94603349,0.4239105
9099643,0.93967116
50244445,0.47122034
26215041,0.9667514
92316134,0.02138873
79867228,0.9686013
64727059,0.031613372
18256987,0.961004
8673276,0.20727247
15142137,0.012264162
73024764,0.068585135
66956350,0.09107052
77773677,0.98631036
68248010,0.7907163
47446589,0.80499434
16617908,0.13236961
65758751,0.4239105
58849512,0.56959534
5947256,0.6534059
86499264,0.97573894
24359783,0.18919367
54441407,0.28235444
25252032,0.004676968
17447144,0.055569682
1567291,0.83900034
65460931,0.23899375
70255884,0.83550966
70360096,0.5401913
45951692,0.2774961
99849278,0.07201062
10519292,0.3375411
42577027,0.4239105
38648487,0.18002835
72576023,0.06393218
40979729,0.7975637
53755004,0.9423432
10067396,0.35489747
79492634,0.025622562
20081482,0.4239105
44160245,0.7031102
27914,0.708505
66843516,0.4239105
47173984,0.672537
34456298,0.7198143
4395772,0.9412088
86569593,0.21670324
47960112,0.19351046
20995341,0.45272917
83724633,0.024131889
97666258,0.045628928
31401636,0.5528543
56228080,0.8797952
89321452,0.5541324
91974511,0.9528096
7274248,0.06584174
39860986,0.1966775
75472683,0.36381698
98404918,0.20411259
72851893,0.05077244
20984811,0.6121317
84155118,0.927858
17120363,0.47048002
34988175,0.58240736
83193869,0.032772794
28564573,0.32018927
39186671,0.7136501
62353531,0.2069749
56887029,0.4899509
24806693,0.4239105
71172808,0.33187687
6057858,0.942434
88762055,0.9421954
20993674,0.07216964
36035955,0.06881144
62598132,0.7682198
39015287,0.4239105
75991312,0.93042123
92084454,0.4239105
80410859,0.6502233
86544211,0.023434639
19633697,0.03436224
38689095,0.05761694
91248365,0.9856769
64410602,0.23208463
72805553,0.044361122
73300172,0.21434222
23175388,0.2806103
14937933,0.1970867
17979664,0.24555956
1291480,0.64019203
61463328,0.124559425
83073247,0.87577426
33972779,0.9636529
22544752,0.06971459
29854751,0.057734586
73139150,0.46195787
60183563,0.25697145
83216267,0.2551806
35663901,0.8500766
14980520,0.8096784
74129296,0.4239105
33535313,0.66635656
88478994,0.1345551
11094849,0.022808533
45516707,0.06072008
42024119,0.96470505
22576987,0.8177213
70067992,0.21210499
41665012,0.23866248
76955574,0.0976492
75156736,0.8493009
85890860,0.7131513
24114731,0.49568295
72617904,0.6796789
95907556,0.4239105
69628963,0.4239105
65393099,0.5481062
86199849,0.6417438
82906365,0.009904416
31876837,0.14524668
48805691,0.138203
99094186,0.042258088
41393715,0.026285985
96249591,0.13235275
55864383,0.39504388
16198741,0.8816492
75562483,0.4239105
49400049,0.3294425
29117858,0.22892593
1626561,0.96123916
24504312,0.7385708
84499692,0.30254278
87679623,0.4239105
91101945,0.2449257
80216017,0.14770316
14476637,0.28659567
9256099,0.16591865
17392669,0.9927859
77391649,0.8196033
93489804,0.5730504
95687369,0.4606528
51740699,0.6499516
2684078,0.5951556
5728776,0.3463465
87135380,0.4239105
91101111,0.1303164
42118302,0.6448579
29898390,0.4239105
63114071,0.08519661
45897442,0.98888075
98047150,0.15060706
92058958,0.06894372
40595641,0.4365186
70225938,0.3195043
17260193,0.5485838
44455642,0.12660277
37350713,0.09010283
37156682,0.4239105
10967870,0.29992384
15496197,0.91490495
60922466,0.10172353
27328236,0.29294154
72470388,0.674122
74132202,0.1966775
34189519,0.0554721
80240089,0.82844746
1936060,0.23458433
93022789,0.92381626
984867,0.019595329
2680117,0.8966238
30876640,0.29664385
1716098,0.7841116
65105434,0.57629955
49502156,0.98249936
42571629,0.7201054
80977744,0.87830806
70756441,0.44798243
18344091,0.051272143
60145396,0.121469304
77493006,0.4239105
96998453,0.24070401
44581567,0.85108685
9384247,0.068665944
81186549,0.4239105
79717877,0.03311528
58610022,0.8260258
23999534,0.58240736
8572281,0.4239105
86007707,0.4239105
11073241,0.12647773
93554277,0.4239105
5288179,0.7749514
31340253,0.44039375
82547399,0.29433286
85372378,0.5942247
53901395,0.3130879
6693917,0.9192878
70883403,0.79365295
88750461,0.010786013
62760931,0.25763258
18213962,0.9050937
91681704,0.97728777
95016087,0.19426177
88227575,0.15578227
34806331,0.043711316
49083661,0.007886289
20645905,0.21565168
11381668,0.6608753
89963751,0.12581827
17899884,0.9391483
53742244,0.8339733
92867125,0.18364681
7063514,0.60843676
97986854,0.39460576
72577730,0.026342649
83258118,0.13246615
69973522,0.8055116
59956175,0.82969123
80219999,0.4239105
43916963,0.089314006
9906759,0.084888116
69401263,0.2811162
73006095,0.71492296
91470172,0.8647765
45772959,0.1344046
2130072,0.097616225
55234961,0.4239105
30195213,0.11552133
12728902,0.4239105
30264358,0.96130776
88606839,0.18950722
63387944,0.14805105
61758325,0.22770582
15053840,0.9892202
15626188,0.18561305
79038293,0.4239105
32581473,0.13737918
40758429,0.06222082
8605057,0.4239105
5038906,0.006116969
81170837,0.4239105
15283573,0.16951941
58927964,0.83451766
60743656,0.7423802
98995299,0.4239105
82720641,0.0053327517
6563583,0.019777887
73584882,0.076175034
30341243,0.24002542
99014776,0.09094413
25060635,0.018259477
90184033,0.47758627
79424199,0.8542455
15577036,0.46496606
29865481,0.6719759
64689367,0.45285285
36659899,0.2760629
56794966,0.05992867
18454528,0.6125352
60037001,0.050567154
25092334,0.4239105
45427100,0.2642457
33734077,0.07564547
77275321,0.6661003
88381579,0.8752914
75496316,0.16999675
15611978,0.40592182
95046694,0.05252959
54418606,0.4239105
77197301,0.4239105
4690246,0.21360569
64977335,0.4239105
35307259,0.1802844
56783691,0.31204313
37945354,0.036949184
97921609,0.4239105
63850645,0.07112552
66679335,0.21996614
44199795,0.36614797
87923873,0.019071504
29967960,0.4681655
7802693,0.5010852
80877376,0.03313649
19375709,0.4239105
23940292,0.84030926
76295130,0.05809628
37436581,0.4239105
65876954,0.103589825
98605442,0.60450315
91200815,0.031707715
5308727,0.89028525
6263636,0.8489505
24186770,0.21210499
56422922,0.9631617
70532099,0.04279189
18321497,0.4239105
39777595,0.9869538
75439876,0.019214798
2741822,0.8963349
32092292,0.92453355
11476779,0.10582143
31330652,0.043114085
14551898,0.27378833
83399464,0.060794614
20161090,0.039663997
58939019,0.036818396
44199037,0.03788364
89148908,0.7934581
96257179,0.22594433
27821848,0.11644852
14330113,0.5557413
2925124,0.2910024
1645333,0.5358901
5102946,0.6028501
41473142,0.9164014
49386123,0.4239105
8958297,0.07610937
65298387,0.46799845
16395910,0.076726064
43753351,0.12774692
47852172,0.3885554
86629509,0.4239105
81086442,0.4239105
51549457,0.93533874
43506003,0.831742
33536824,0.48674628
86865629,0.97458184
97376938,0.9781003
40659220,0.14178012
59871591,0.7902174
93369119,0.70240456
66367958,0.29973415
22490308,0.26104572
1136140,0.9683885
24140887,0.98447555
51553625,0.17111604
80324834,0.047566663
91128848,0.17336172
95428946,0.4239105
44130839,0.8604463
3501340,0.48966753
84846919,0.8962143
51543682,0.15550223
45757089,0.85382295
31301557,0.40062463
25979685,0.99133146
57850427,0.015399271
87732921,0.4239105
10888907,0.4239105
8117702,0.1493896
63110013,0.6402655
55762156,0.1507412
49980897,0.9661719
59839451,0.18447262
6781439,0.9806285
80301732,0.4239105
12981808,0.987398
69148229,0.070597745
70690635,0.9349598
57006070,0.13713822
82376585,0.40525922
37949420,0.19352311
92142815,0.8843884
57220983,0.007996557
86015389,0.9199202
13825301,0.028903259
68885379,0.06748751
80795959,0.3233394
80444902,0.3500728
52659936,0.9830719
20391178,0.04576838
63661024,0.0138911335
87691321,0.9275186
67761403,0.09292904
72301958,0.2052844
37618982,0.8153137
52275965,0.43795577
5301525,0.07655382
23404507,0.65400165
64756863,0.90153974
18230930,0.12702844
61845978,0.4239105
96651881,0.5932459
15836028,0.6064362
22338028,0.106800236
67650676,0.043762453
76071190,0.25155693
31696857,0.57985306
78045598,0.43273857
88986376,0.9451351
80174742,0.4239105
4707466,0.15990397
27747387,0.07529926
42641019,0.37694257
73110554,0.30419064
9841413,0.83631355
83340880,0.5360019
56198812,0.18062559
7928829,0.4080441
49314147,0.4239105
54378637,0.6156678
98146967,0.9152866
47409590,0.35308784
70486266,0.41888916
33050170,0.751376
86240133,0.4239105
56485020,0.81019807
59561460,0.03518004
31177544,0.19196145
15510666,0.5437361
56419413,0.45675516
72568668,0.38662112
87830992,0.20946683
14656498,0.3329338
40027989,0.4239105
19624198,0.9445997
44680427,0.71180975
18126138,0.029437412
39668351,0.5943752
67280871,0.47033378
49035738,0.4239105
87222013,0.4239105
26358410,0.8272838
5471887,0.40564284
71646377,0.09418547
61613971,0.2630828
55155321,0.4239105
41289120,0.3998669
68051153,0.6886262
40864017,0.2635337
35941928,0.4239105
5620816,0.23762189
36564741,0.4239105
16634239,0.89505225
50988636,0.53094053
29167135,0.08874273
56936197,0.7362602
23410682,0.8635347
30141443,0.21990968
11397041,0.59372884
32508187,0.4239105
3031425,0.18822007
30168354,0.4239105
4631488,0.9290523
3202482,0.98458606
11259870,0.20974141
26746693,0.12702392
61511533,0.0767512
82772349,0.9506471
25992960,0.32917327
29551787,0.4239105
31295824,0.9282969
34234802,0.8477778
79471746,0.85078204
20387931,0.9290261
63281295,0.12196619
78085289,0.26858318
65384696,0.90361357
7992478,0.29667318
9894840,0.6094112
55271010,0.4239105
58040316,0.17379645
61990441,0.23610121
55251709,0.4777615
80247250,0.65712976
30490199,0.56816787
61715380,0.26991794
30844520,0.28512037
39214736,0.18320416
78103849,0.4239105
70790743,0.10956299
85635,0.4239105
17580250,0.10078788
97993598,0.07047721
46982480,0.06355108
43467285,0.4877911
57293688,0.032148134
35184532,0.4239105
84576470,0.26561192
35709310,0.13898882
17755070,0.66754335
57215636,0.5975377
57753982,0.2895541
1691972,0.7292722
67257684,0.35473406
11931236,0.35648373
97913958,0.73852974
13672389,0.55977696
7515266,0.52873677
58163794,0.5023961
57757650,0.1092633
6912082,0.30382243
55357207,0.34162632
18904103,0.8836727
79708376,0.49278384
17166860,0.053691935
41220999,0.2624513
50921161,0.48378637
81428597,0.4877911
9085668,0.3324738
58084771,0.6203914
26138847,0.75072896
86968171,0.93364716
61317308,0.4239105
36671915,0.26515225
99953525,0.18361475
25850527,0.21341611
65639862,0.061289806
90072280,0.8970672
57042441,0.3302417
20172188,0.4239105
88382859,0.43217552
4093894,0.15605776
46355843,0.25998405
51333196,0.1973498
15458619,0.15179935
73895152,0.848168
72805662,0.14521265
78567402,0.15751879
4314113,0.4239105
15600058,0.4239105
84940280,0.8784145
74144325,0.4894269
53094781,0.4239105
31513070,0.959987
20977835,0.91022736
14602021,0.32277936
3316837,0.10600768
64087631,0.13735291
46573779,0.4239105
57375958,0.07765698
14180180,0.952867
17422997,0.91372883
50734471,0.8875612
27338380,0.053784598
99141554,0.7812499
32522184,0.61035275
99938948,0.0123552345
16089461,0.4239105
58473772,0.5495904
23878723,0.4239105
51059596,0.4239105
99623433,0.89827657
91710155,0.9642625
3539993,0.06216218
76279638,0.41379508
3743929,0.6968853
90345699,0.069225505
39893238,0.6476593
38685392,0.18112604
31205433,0.95777357
13260220,0.65577924
58082547,0.05756319
43453996,0.39366883
63654730,0.20267437
21968868,0.13388647
91097165,0.14244871
23834826,0.4239105
93677449,0.544137
32374506,0.8787464
21842478,0.9841913
35492706,0.4420816
87891115,0.19045158
24951191,0.9610382
82029848,0.026363468
96814440,0.044480473
98602458,0.9698742
45691735,0.42267716
8822658,0.7282685
13554236,0.039087594
77388478,0.72312504
55713164,0.44017658
5353298,0.2926034
74854618,0.9361889
9672790,0.08047759
60029265,0.37061095
92378036,0.19186269
94322959,0.98559594
2317888,0.7043241
22333911,0.97846687
24403379,0.956362
64956931,0.45743692
73459433,0.6959165
89054135,0.17680573
94358239,0.28717718
60046225,0.87784886
61455368,0.4239105
94724607,0.8400653
3156819,0.87150854
75082331,0.46534997
55586299,0.3233394
42073636,0.18062985
91424577,0.4239105
85815529,0.010372478
63791366,0.79014295
32633567,0.19458552
32632097,0.4239105
14682884,0.9856961
68178858,0.64334315
46134404,0.41059402
78153509,0.019311897
23758146,0.4239105
9435622,0.9506961
86467196,0.92881256
42712944,0.02896724
95459686,0.93570817
62886702,0.11560606
5932512,0.9205669
17168015,0.7176395
4303845,0.004643792
73182529,0.016231993
60859745,0.017175307
87567939,0.5757389
31457538,0.8705437
34176319,0.8803966
48931494,0.6854976
5437224,0.58399826
94030669,0.93432134
81135337,0.91497433
77084405,0.5393242
76058479,0.74029255
51745515,0.23945427
55961571,0.22813822
5079103,0.18012726
13889184,0.94369036
88938877,0.16326502
51641762,0.7706498
18366978,0.23840459
92177979,0.63559854
17306217,0.10525687
70711430,0.07677033
68428305,0.23610172
16295869,0.49780974
72200763,0.029934317
43045074,0.30610377
22688666,0.3233394
81898530,0.86166406
13182172,0.38477266
53551644,0.13693337
65102839,0.015733631
53817387,0.59682214
98465384,0.011425538
43325162,0.9016798
19425991,0.24608536
40139325,0.963971
16697632,0.62184155
91850106,0.6796144
73374980,0.4956146
74942122,0.9628118
5962572,0.050177068
34691946,0.17178765
14101528,0.40201136
44995890,0.85235804
40383983,0.9655109
46314531,0.5932214
87679024,0.3052265
49238238,0.3233394
15590380,0.73316884
2611958,0.4575144
85493138,0.4239105
51822302,0.12184711
84656973,0.097198345
44865192,0.04780615
11143956,0.115284294
90891731,0.4239105
46366568,0.4239105
25008534,0.32656345
81765820,0.08449622
57886259,0.050004486
40676839,0.178596
66751696,0.28564462
44933464,0.61046153
73972092,0.6249465
17171316,0.37033704
8039667,0.83855253
40289546,0.8374487
45525762,0.21117555
36701802,0.7194104
53470175,0.4239105
64128304,0.32009023
87729038,0.7786721
51845087,0.31990322
26113070,0.8290326
17459382,0.18318309
50116864,0.4239105
87136979,0.42381477
14382698,0.40911123
80470048,0.4239105
57309825,0.5910337
96176950,0.4239105
63451946,0.7989333
69086434,0.8344367
49903756,0.4877911
4309953,0.05563458
96197691,0.7522954
40190777,0.51392937
29267573,0.33959693
71911679,0.18895155
15767586,0.29593477
38251376,0.5632957
70050692,0.8484173
48503602,0.4239105
56578583,0.07462499
1029705,0.16756174
11434701,0.4239105
72818498,0.7233933
14739087,0.28123996
51615730,0.8786725
20160829,0.3937844
72586209,0.4239105
10909988,0.4045965
69142971,0.46330184
36953699,0.02994574
22331456,0.4239105
96439369,0.29667318
79482155,0.12564926
24638488,0.9906687
4895767,0.02667956
77258785,0.11965352
46074662,0.4239105
69609386,0.4239105
9094483,0.3233394
53754591,0.13480759
16967590,0.3527948
76722928,0.626593
89061590,0.18295091
13888991,0.48067877
61630225,0.34366745
10023080,0.9324555
88936620,0.06870702
32629580,0.3803428
60130204,0.7652573
46259146,0.8297111
6260068,0.57410544
51413878,0.4239105
80932478,0.58706474
65335641,0.673269
56786565,0.5263981
23188180,0.71508783
49095286,0.4239105
98891307,0.27644795
71812094,0.9153963
82384335,0.44744512
71471760,0.034511283
88330641,0.2212909
56101679,0.50988847
23234918,0.4239105
17090426,0.6842781
99331069,0.4239105
50000543,0.512705
90732869,0.46908763
94050884,0.4239105
44416819,0.4239105
97837122,0.8622874
10094853,0.3894892
92740981,0.90597135
89361850,0.26035997
49009430,0.29063317
87029440,0.9797753
98704281,0.23095156
39955603,0.8972132
81019657,0.85280955
82127108,0.975687
49111108,0.014237201
2151916,0.29328284
46705143,0.8895343
83017118,0.07902656
56420052,0.011474524
31267301,0.2793981
12261215,0.6682335
44319799,0.2631507
94619955,0.8823581
9074485,0.37087965
40020227,0.5802797
38506334,0.4239105
19404141,0.4631132
21859319,0.07861105
5595865,0.47764924
13751660,0.33046278
56763587,0.17885533
26758611,0.036804095
29973417,0.9705328
15604721,0.21117555
66372978,0.9867229
45532887,0.014809593
94060979,0.67229265
72570760,0.55149996
96666345,0.34183213
84277284,0.4239105
17908138,0.544617
77435966,0.27239978
89761230,0.5920162
27428580,0.98730123
69132063,0.4239105
40532686,0.1665854
98313092,0.266069
65015384,0.43395138
66256416,0.55149996
80954841,0.35466605
95828906,0.26183662
16505024,0.94317174
96438067,0.9121571
70585961,0.9588073
30283845,0.3999301
66146116,0.40394244
39189321,0.34084377
94367969,0.6254192
18263937,0.10538895
92097660,0.49182013
15058566,0.06398966
61733281,0.019474272
4840730,0.4239105
84848102,0.4239105
96915451,0.25856918
72780460,0.4239105
55534785,0.9359569
16454787,0.95343184
42445381,0.74451643
904122,0.9347008
37433974,0.19733329
24675050,0.20442094
70525253,0.15661675
29458021,0.9548655
71654211,0.6801199
86829925,0.6631827
66096689,0.8609827
32395275,0.021973316
15325309,0.9580872
4612839,0.91493636
93682887,0.26528773
65335407,0.9209339
38598826,0.482284
8232432,0.2711374
2173974,0.96880174
31931874,0.24510978
26057697,0.18861282
52623227,0.6035185
71874115,0.34830645
13245340,0.75449914
88612631,0.17960927
82114742,0.9380829
28434818,0.031116175
544719,0.6476184
99074250,0.69193786
70391198,0.6961298
23513295,0.19452865
79840653,0.4027308
21869965,0.39009538
25850578,0.95037675
9305819,0.790506
32976089,0.03781322
64398432,0.06698093
6229170,0.06620923
31156946,0.3134271
17774807,0.97765744
12252020,0.9862375
41967614,0.4239105
75131411,0.4239105
39510774,0.5015372
35319172,0.9787023
14143258,0.4239105
12610287,0.72479856
88565756,0.4239105
52594600,0.46897706
50185359,0.91645294
87450603,0.9436526
2950983,0.17931025
32385319,0.3205894
85626879,0.14652552
50188105,0.3333282
7031302,0.65712976
10078312,0.4483095
50188702,0.48936084
40282390,0.1484351
38191730,0.4239105
37177066,0.95382756
26525546,0.08488591
37542561,0.95284563
35866332,0.9805064
2790265,0.116573334
20698661,0.9363368
72802446,0.29719445
64312830,0.22249375
76096102,0.8450962
96833464,0.044825386
93115285,0.29915667
55115986,0.86676097
55746723,0.4239105
36502881,0.62325484
44103933,0.06666485
56439236,0.26044506
29010981,0.4239105
45348722,0.14249955
47429651,0.012953238
87003793,0.0346215
10179649,0.47048002
8147226,0.03800156
94401954,0.10543913
91937494,0.4239105
47742763,0.548414
45173444,0.22649382
90350810,0.06904814
55038839,0.17581676
71311316,0.4239105
39222949,0.7845321
76111213,0.92845833
54439127,0.01545469
34866080,0.035811223
22687518,0.95654565
26055781,0.05062846
23370346,0.07398962
54555974,0.36310703
30111028,0.35806128
96275671,0.4216302
62903374,0.5263338
79363745,0.7756404
23303521,0.42023718
81812013,0.7166003
99220694,0.9761003
69639969,0.43215618
86689546,0.23269024
95602389,0.07129703
25607733,0.02295999
82070267,0.03409512
7042491,0.33116338
76275465,0.44268027
76508197,0.47375482
27591938,0.95194954
13602205,0.2929737
89613115,0.10117391
60111796,0.31573105
4610275,0.4239105
71118529,0.018114133
21143923,0.4239105
57451464,0.65712976
94601019,0.13475418
62679832,0.119282454
69586432,0.4239105
48719830,0.85923
50825253,0.003923256
18746693,0.94981784
71966532,0.12653771
40746179,0.12125998
25013975,0.8452104
71516645,0.4239105
5963521,0.4239105
26847647,0.28677553
73263137,0.1300546
62168921,0.4239105
98446132,0.4239105
40099421,0.4239105
36117188,0.60702175
73685445,0.2610931
8508392,0.07591931
37287632,0.520443
41218578,0.81236345
79280282,0.12665227
96821552,0.029407257
99918216,0.75192153
54889824,0.8461476
77592534,0.30725443
78771111,0.17239462
48241710,0.5641391
59818124,0.07075558
83846827,0.72815096
13572234,0.1764064
78737613,0.89713
94852692,0.79057336
9398001,0.57960486
48611938,0.8781216
80140412,0.003827066
41846184,0.85731333
15926722,0.4239105
44829111,0.13094199
57749040,0.52294236
6028275,0.9616606
71759640,0.15204138
73031784,0.606132
64172822,0.9977933
33648292,0.4079171
5684340,0.039654236
11365859,0.06365173
22756680,0.15704046
33732775,0.21117555
48303453,0.6146563
67642602,0.9285899
938354,0.08045854
83370979,0.9773094
36517351,0.017096965
86671427,0.5872747
62572152,0.65917015
86731830,0.20974141
30697873,0.9860249
30430588,0.98207736
84795885,0.7034669
66628884,0.13575189
18488176,0.026513584
27248700,0.2466802
51189320,0.4239105
17292612,0.27504042
82268474,0.9459595
19101727,0.54963106
55708924,0.76564467
96955120,0.7527339
60944935,0.4239105
91541254,0.98411316
73025235,0.43015435
44772204,0.03646546
17302287,0.24012524
13179575,0.01168038
21638159,0.4877911
42947433,0.9202049
15031489,0.49855074
51468266,0.18083718
20910492,0.017774396
67945756,0.51526266
45885513,0.021876257
86641978,0.5140335
43968005,0.4239105
84422977,0.98990685
17880785,0.10400805
94209253,0.19312921
94513734,0.29246038
48770474,0.53905874
6299035,0.026561948
50389406,0.26543337
83720437,0.8752702
98882512,0.049643774
63581453,0.22322595
81972666,0.017041204
42535898,0.110426836
72646455,0.5671435
48026850,0.4239105
67881606,0.1410353
71256126,0.03522566
21883222,0.028507072
24105909,0.19436875
38225348,0.99787724
13568964,0.4239105
25365246,0.050574195
59500358,0.37756717
83203206,0.11723756
42472185,0.7127811
15956854,0.4239105
35553603,0.51392937
75215258,0.4239105
1377061,0.19950084
96541740,0.19214623
62666744,0.2008139
74285914,0.10663167
72033624,0.9838035
80278552,0.63218087
22986190,0.8757341
4913258,0.5636634
23993168,0.18447262
12289409,0.4239105
815836,0.9049912
27264666,0.95977104
80795846,0.895163
49787865,0.9659719
60070226,0.19313635
53443876,0.4239105
6201435,0.33532614
1988154,0.4239105
41313766,0.40099967
53653672,0.7805879
70431954,0.882784
8005009,0.94839585
48802270,0.025533184
90923818,0.54412854
82244228,0.0296837
90134592,0.563826
38084,0.01867668
47607230,0.029238272
30125207,0.38732332
50371871,0.34588203
17095064,0.7682133
30938302,0.89258105
99785861,0.0305
33467462,0.626593
94544913,0.8451683
70819605,0.046032175
33164073,0.47456235
36964057,0.8135797
35516031,0.2268865
80269026,0.5797851
93805180,0.6982189
42235367,0.27644795
80882045,0.049783137
75405781,0.22961311
80647302,0.8022752
5413522,0.4232029
90918201,0.23269024
92143960,0.17885493
59211382,0.4239105
15088828,0.40832666
49182911,0.28123996
73963911,0.1052982
81205700,0.55351317
72760153,0.7748804
22162475,0.047779515
16359236,0.9904356
24250698,0.65712976
621247,0.034480177
72188664,0.9687292
92056774,0.88192755
41965418,0.20717546
71000193,0.59372884
16585493,0.1586695
90081271,0.6781056
74280926,0.95031947
82308369,0.9879786
31306497,0.789576
32645788,0.6454108
14872527,0.4239105
20962886,0.20072386
58691571,0.07131963
70454187,0.9904281
2420841,0.6725485
37338139,0.3233394
24485988,0.58240736
20931581,0.28728643
60516576,0.66564053
44632825,0.70523244
64497822,0.639011
29183544,0.53988564
50594749,0.028739031
61853422,0.47039777
50606306,0.007907299
78629672,0.6520857
56980102,0.17831731
22490949,0.024376689
63133456,0.3233394
86682224,0.0984523
39656203,0.07288334
72665325,0.70738864
74332639,0.21210499
63880907,0.4239105
32404954,0.4054598
77134120,0.24183483
92702941,0.5618113
29403638,0.9277288
63146105,0.3182237
50628612,0.6630866
38971633,0.20643203
23414531,0.52185374
24521666,0.029342271
27147002,0.20572188
5979147,0.51299596
71607343,0.7270153
73380812,0.7219124
61123305,0.027822593
18000572,0.08105005
73033241,0.63519245
56196393,0.6249465
42316195,0.4239105
24603771,0.52400184
25734080,0.08652263
99544631,0.07736216
61312532,0.46513513
71160914,0.28685388
77862154,0.037668966
44124299,0.122361965
40538394,0.41966298
56086567,0.9890661
68753997,0.23341297
15841147,0.4816526
62778413,0.18977462
80680534,0.5959071
40495786,0.4239105
32036499,0.6520857
9700419,0.4239105
75078586,0.023412077
26365005,0.44729042
80599806,0.8726677
55529265,0.98063123
10034284,0.37209752
33529423,0.4239105
12680585,0.43184775
12448845,0.24954672
80777190,0.29950437
22364003,0.16520585
13451353,0.39102182
70114420,0.43273857
38657843,0.5523851
91632940,0.4239105
10005741,0.7490812
41904626,0.5122573
22179409,0.23269024
55013765,0.058894835
69313142,0.24579483
79503987,0.047958057
4730614,0.23774327
88450089,0.17336172
52802973,0.58240736
82064262,0.71465755
68845980,0.051491905
41708415,0.6319116
64615129,0.015475485
15847149,0.29667318
69683810,0.35405964
49599491,0.8565512
94425915,0.8050631
37632574,0.9581006
76598280,0.22374608
61009373,0.4239105
56818375,0.04101416
84534351,0.15401995
52216376,0.4239105
7154063,0.4061033
20580998,0.14413758
35991697,0.25885683
23667900,0.4239105
60248313,0.05639828
97359689,0.21261683
8632843,0.14977711
46413661,0.4162304
98991212,0.22462803
62586401,0.8248773
38809278,0.31882286
77874706,0.5539783
71763484,0.5758053
59149631,0.8694854
74040897,0.54630893
80902013,0.4239105
25270793,0.5465532
60309698,0.840116
31810428,0.5338748
36953929,0.41375586
32960729,0.48807856
78728860,0.63023734
32054308,0.0931052
49061170,0.77041656
56606368,0.14730787
81205414,0.6158854
97715009,0.52452576
62941427,0.7119878
73257334,0.4239105
62408586,0.50316155
81727321,0.39952543
69447665,0.66959846
12279093,0.92125916
65154523,0.4239105
9373238,0.28512037
71803482,0.42925888
29587179,0.25188807
55651106,0.98498964
87084168,0.4877911
11631823,0.80288714
95242792,0.96262604
91230552,0.4239105
88154104,0.50529444
48755198,0.26126242
49917050,0.34129545
94761433,0.029404296
63944126,0.4239105
32351128,0.63683957
6967729,0.28714427
40143664,0.69902074
96934809,0.4239105
74428668,0.15692244
39727926,0.17336172
84868136,0.34860653
83261662,0.16574372
59612277,0.009624117
39839813,0.24239577
94388569,0.6733069
82234503,0.7431506
75101515,0.37144142
84998727,0.6089905
85861930,0.18684277
20370696,0.21951316
94899216,0.51040334
91524184,0.4239105
26485301,0.57970005
8242368,0.4239105
29940715,0.8422874
92584117,0.5816579
86446782,0.8539637
1508066,0.47371703
85971877,0.32443917
3750128,0.63020897
43806960,0.34897244
39697437,0.26276377
45512022,0.4239105
27087373,0.4239105
48971428,0.4239105
63578851,0.4239105
47446562,0.13866673
66206996,0.4239105
63770741,0.3318536
78649713,0.3233394
77825659,0.039290443
43021002,0.662787
56000334,0.024301384
99652208,0.28312343
13191753,0.28774542
13324952,0.5323787
68961647,0.4239105
83215423,0.81109256
64070636,0.30857116
9659665,0.40720358
52840860,0.4877911
50032971,0.08500038
26409535,0.5993057
72534932,0.2529667
74993422,0.9238468
77742800,0.13613512
11777784,0.4239105
5191421,0.1410213
79784743,0.58240736
630248,0.5528543
10280886,0.23136099
41452342,0.62123454
81331404,0.7877561
6419331,0.7171424
48417683,0.8519354
94422888,0.08837172
63886354,0.13992116
31812869,0.56758034
12932872,0.40644842
37377974,0.964356
93267321,0.81356883
22255163,0.5319154
89470916,0.047144685
16419087,0.06532268
97869349,0.8899989
55541324,0.4239105
74667149,0.17428046
86049742,0.2701333
18029928,0.21738595
59396928,0.43625438
35511212,0.67670935
13734049,0.5468519
38880162,0.010133798
42840212,0.9810198
94211449,0.18660744
10759723,0.80922616
98143403,0.4239105
61942604,0.34688056
2750594,0.21117555
71599076,0.7015476
6506523,0.9422628
82759519,0.99388546
88006900,0.09041418
47350031,0.02633116
31364323,0.4239105
23293291,0.17277902
39548937,0.055747192
56017905,0.6484788
10690962,0.016591474
19380379,0.11884191
82970785,0.16726539
98513618,0.9919551
67087438,0.4239105
4681159,0.5885738
90958995,0.22634116
21248516,0.32092232
83943760,0.97601306
60340891,0.9461365
25607693,0.7087385
5534381,0.44947752
59001640,0.0063137216
81249417,0.98353726
60446415,0.29673705
55919477,0.827585
49867312,0.950085
46134994,0.9648478
99804009,0.22906095
8180711,0.26381823
91408264,0.15564112
88300913,0.60036826
19718389,0.24084257
37172387,0.3388102
47450374,0.58528847
9018309,0.22936936
90577004,0.4239105
26285318,0.6527426
20381429,0.761608
37849382,0.894157
76606343,0.81555367
19006787,0.10412733
80742712,0.9451044
63144428,0.049194727
1764918,0.65066504
7277718,0.66607064
60743141,0.022689095
62030642,0.007266764
7259712,0.4239105
86727725,0.34050688
15856748,0.9613327
74870263,0.33645108
64772015,0.4239105
93683614,0.4239105
11851829,0.08701936
47570953,0.03841189
85695839,0.05000888
97047880,0.026126228
58006798,0.8586673
52749529,0.3233394
26470034,0.4239105
46992221,0.27995574
51643659,0.027666159
5904549,0.78913164
71648241,0.7043753
83072268,0.10112667
13528851,0.9189837
97872286,0.16265021
98767924,0.6269714
78738215,0.7838298
80292281,0.9665113
61561173,0.16005981
53492952,0.5053114
35247422,0.012565161
76924312,0.021717591
61598535,0.4239105
37257010,0.0041056047
70666604,0.3963535
29053196,0.91777897
70473209,0.9492206
42860196,0.48909852
37784855,0.45253173
63299169,0.9940439
3618976,0.4239105
81887146,0.04153146
57775609,0.4239105
13520040,0.33372226
68173839,0.8557366
29132189,0.45253995
22435534,0.4826459
21493304,0.4239105
61463117,0.73003334
83566651,0.17225844
17737985,0.4239105
1256938,0.34289855
68651573,0.31344497
53796916,0.9418384
66557169,0.06421602
59651963,0.81589204
84148408,0.045727972
76316323,0.97317725
34489466,0.15340915
1994043,0.31394616
88727545,0.4239105
82192368,0.17672987
28057724,0.09610758
15282992,0.05394592
93572416,0.7713583
12056620,0.05982694
21396319,0.6248442
35549929,0.12409771
4896321,0.9753676
93501484,0.27644795
56589562,0.8273394
4618247,0.19521685
96975786,0.9412089
62155762,0.33796751
16392564,0.73579663
45114388,0.2615783
85384756,0.6207409
2775006,0.1835422
92535930,0.11825862
40831123,0.53924924
50677956,0.024510633
3741760,0.032330874
86499817,0.8728252
26044859,0.87264615
43962104,0.49656895
27589190,0.75546765
52942037,0.4239105
72908719,0.9267429
9416660,0.65712976
6743603,0.22297883
58754755,0.6968138
24119285,0.537497
57928592,0.9899159
31792501,0.7444479
55996916,0.57587415
87670097,0.40347677
68090845,0.7229517
62044192,0.9275146
58838122,0.34670597
45203352,0.8751782
42065452,0.57240117
99991245,0.9051287
22147183,0.8586197
90700555,0.40736347
29735778,0.9346101
31637135,0.75142586
86360614,0.3069566
71549503,0.4239105
92413508,0.4239105
44570920,0.7280064
77005402,0.198584
61077537,0.926901
27149366,0.014965393
93361647,0.46878046
7334738,0.044855382
76844980,0.7558185
80615590,0.63182425
62423418,0.1870798
4286902,0.8537789
22407584,0.05931502
15626531,0.011913113
78374578,0.23804654
32112130,0.267303
91477604,0.3652345
40996596,0.205422
73117692,0.20170951
46377895,0.4239105
94064467,0.020798769
73649979,0.020004647
69765249,0.0442438
70749151,0.7300951
29041434,0.5501354
64510946,0.055712514
38946152,0.942999
14353260,0.76816434
64718123,0.1853704
88887169,0.8515753
19282673,0.9410314
65218458,0.44756582
62186405,0.38650098
23524823,0.39803505
69781882,0.4239105
93419578,0.4513403
90408943,0.6789477
8269375,0.37821904
93699607,0.13942534
47937805,0.3618382
35759014,0.73242176
90553172,0.76970285
26340343,0.9522758
93971006,0.5090868
71982064,0.4239105
516081,0.007224267
56012853,0.15354954
63265381,0.05332106
57050358,0.5640403
29894123,0.8880224
24076035,0.3683154
61444633,0.6856728
41945496,0.4239105
69057138,0.4239105
79518624,0.5899978
95621309,0.4239105
74085720,0.19852713
49465640,0.93682903
9871840,0.31880185
74878201,0.4239105
38738876,0.8416315
32161745,0.9718508
49979298,0.6418744
98963859,0.37334347
46110124,0.13721412
25588143,0.65712976
62379003,0.26991794
3951882,0.032511715
42348677,0.65712976
40215179,0.099393144
42583209,0.38255832
84592673,0.2201329
72530373,0.6235764
85664430,0.41269514
16744894,0.86834216
65745245,0.22900742
96866054,0.5132478
28051379,0.9942796
88713629,0.36230442
4015488,0.020531893
66143775,0.10386634
3707746,0.4239105
77148640,0.95785373
9093576,0.76251435
28396233,0.4239105
63862815,0.7887672
775341,0.07657054
42036396,0.66980153
29634031,0.31398234
12468790,0.4239105
77249213,0.24972089
6992283,0.014520868
92627852,0.87781525
21882934,0.4239105
53275229,0.8541648
64879985,0.4239105
70302931,0.04446493
1929883,0.5159591
84841544,0.021802172
68371332,0.95684123
3528539,0.4239105
56565030,0.35012236
20297899,0.66125566
44495229,0.96108377
31003635,0.9163355
3857377,0.55149996
17120770,0.2450041
32634493,0.1686796
89619970,0.5777778
26140894,0.14196572
69284063,0.53261065
47652409,0.13860175
20614300,0.94817984
94166854,0.4711145
59624852,0.0077287112
45339969,0.69118655
90756257,0.03900615
11142969,0.3807874
76716437,0.9357662
53930440,0.06851871
54047312,0.70938987
4904693,0.013802224
38688842,0.5868704
58851931,0.4897654
96557810,0.96116006
39529801,0.614566
29087330,0.14412338
25382978,0.25588158
26692453,0.24569796
53355085,0.88935906
85086733,0.13185269
20371922,0.21117555
20018771,0.29294154
18935754,0.5486539
73580357,0.83748484
5377646,0.95827925
58713656,0.92815834
53056498,0.072813965
87301914,0.4239105
70323790,0.83178896
3854679,0.34250858
77283889,0.70545053
28212229,0.96005034
55838594,0.740264
22242402,0.5745865
94702439,0.3733024
67984042,0.12587035
42640091,0.7798638
461627,0.7982618
64152962,0.5502405
18879570,0.5443141
20636171,0.09992771
30457443,0.41453654
94546274,0.24186671
3260907,0.018021876
67334854,0.15396485
94925004,0.23269024
24840888,0.032625664
87481444,0.3200916
54982898,0.2381633
20357009,0.2789557
84608194,0.6662957
78541979,0.86959904
67874003,0.9217448
81583222,0.071339995
15218842,0.31961137
87695373,0.76237
23015407,0.4239105
60185978,0.4239105
66986757,0.9130998
17096335,0.66160953
51464163,0.50813574
1568833,0.66665363
1099483,0.7797566
68799656,0.18447262
52658741,0.12882566
43918581,0.18675755
60026690,0.17514546
34688933,0.4239105
75360806,0.18872343
14454081,0.0539393
927818,0.7058202
61783531,0.016825017
2673490,0.38535777
49704666,0.93458223
4243994,0.00531378
70510571,0.96235967
12914769,0.7690194
92794277,0.28680164
493506,0.9273223
76043922,0.6052498
64829915,0.36717126
19769561,0.11942196
6833739,0.064694084
2787811,0.60285115
5080512,0.57269794
66743297,0.23457491
4740895,0.4239105
67818644,0.31052527
93803703,0.8874496
75474815,0.7238675
94510903,0.08016584
82596628,0.4239105
98751596,0.4239105
11627763,0.17336172
9962760,0.1982717
21871084,0.4365186
70892549,0.1719344
6297061,0.9655645
88845524,0.4877911
61145296,0.103594184
23833911,0.71128917
93123732,0.5659436
20172819,0.56355226
46698940,0.4239105
32454609,0.9167923
5812748,0.4929146
48289042,0.29289162
48198100,0.09051687
38041857,0.9818679
15577985,0.9887157
70895667,0.8258967
70972809,0.53183246
46519103,0.08347769
74082471,0.308425
63022546,0.07467218
93389766,0.101741806
21527087,0.1797439
85923483,0.53185904
78548598,0.93137956
25203159,0.03344388
30001841,0.030777553
50797491,0.5378036
57045393,0.58513594
52662094,0.8422162
38691781,0.106709816
55108009,0.4239105
39863485,0.61046153
91173477,0.36217028
78016866,0.6998707
70306450,0.15795647
44900801,0.16075654
42145298,0.39481005
32429624,0.06897862
43100750,0.07840781
35359347,0.4239105
1217764,0.74908715
90169769,0.2610644
79286032,0.03384302
95452501,0.70507425
47618927,0.11231365
47474125,0.4239105
5360260,0.045463603
51468263,0.4239105
3690249,0.55149996
2219074,0.40696523
611788,0.4293925
69524587,0.16392203
86605121,0.548414
39561022,0.21117555
47365105,0.15881225
18562357,0.047080602
43074437,0.4239105
52920077,0.5211004
85821996,0.13291104
83759123,0.870136
75739243,0.31320062
72943900,0.94184095
14953743,0.86687416
34179937,0.39548826
67828097,0.04234225
44666684,0.22336918
90936101,0.45026112
11738678,0.8964927
72575284,0.96142477
72566501,0.12374418
41077349,0.7170972
40703171,0.057656694
19110007,0.029226774
17914429,0.0014163953
92686005,0.19566591
49876971,0.32988188
43730931,0.87267166
79274575,0.61003524
23702730,0.0060761315
48493498,0.05679755
35849054,0.98536754
91116884,0.16644098
43243495,0.2671715
69886005,0.4151034
58850590,0.48784336
63711780,0.24815853
22772988,0.4239105
45557459,0.5146522
80599627,0.14550188
61197025,0.15623456
14875577,0.98368084
56179132,0.9542742
78202726,0.13655894
28933074,0.4736603
68540284,0.82366365
45701606,0.6996748
45575726,0.026479464
57690486,0.4239105
20200542,0.2981039
81176688,0.18544056
9185026,0.55421615
16588270,0.4239105
14444565,0.65712976
58355955,0.94334835
5917074,0.34892824
55552772,0.015449185
44859190,0.81559706
5680412,0.051423848
13422613,0.6869745
39887047,0.42723662
31183339,0.16246276
35448726,0.54087716
33576170,0.8580427
46911385,0.21776503
5509085,0.78249365
4662805,0.530665
78186078,0.9747706
72735622,0.11933682
54007135,0.57059896
36092225,0.22652665
71513657,0.988991
94332415,0.025880521
12701940,0.28425494
72959227,0.4239105
15964289,0.12808847
33953111,0.95469785
12564682,0.4239105
67106063,0.4239105
21717419,0.94029903
67665729,0.23507877
79234200,0.4239105
40492336,0.4239105
40425759,0.046402972
10257726,0.43850714
31208282,0.4239105
85202027,0.63169837
17761745,0.94514966
5466673,0.37670812
23696398,0.9333217
24885229,0.033474803
24915105,0.2226079
54281801,0.61275643
66532772,0.2816615
43633440,0.8180203
1013552,0.9630223
61796054,0.9966198
26614582,0.65712976
29186944,0.4239105
85302434,0.4239105
14178332,0.57056594
91248192,0.4239105
824085,0.03402399
92177496,0.9499289
43907938,0.8255428
59447114,0.25879362
16568750,0.8111095
6237240,0.4239105
66813517,0.40904304
72834202,0.91919446
7036054,0.75043255
43821173,0.24504162
53848566,0.013139209
72662346,0.7898981
53889389,0.80656546
19644719,0.35473266
71865788,0.47669414
5222307,0.97556937
79620564,0.013383893
49285735,0.03013387
61016907,0.20684814
94887386,0.797714
4725454,0.419752
57847550,0.4239105
8685331,0.041508056
66418902,0.89119244
69200489,0.64162236
28783783,0.08508185
71577803,0.03409152
51839664,0.41028345
12528382,0.3219968
71225839,0.55596906
77740256,0.04188865
91237635,0.29294154
44060212,0.21349864
63852015,0.2208022
28878220,0.3185102
44708064,0.4315314
72107908,0.3385469
94338187,0.20847063
96824387,0.42058983
33460128,0.4239105
66894927,0.85360545
26653245,0.55767125
18293426,0.12729067
43985545,0.54748034
26709486,0.015853617
6959386,0.14116298
44995851,0.5792259
82777964,0.9871569
64136501,0.12692687
49290573,0.3329773
88288737,0.074651785
52489320,0.4239105
64017478,0.10795337
95335790,0.8684411
60895734,0.91317904
98282423,0.36610055
86924089,0.32769647
34036744,0.98142
66738934,0.9867345
1562005,0.92773545
54421340,0.8812339
26314167,0.20299941
88183948,0.2213971
48150301,0.027573535
35858905,0.030043174
89431544,0.75126463
45659157,0.69975626
46581047,0.88492906
72078831,0.2630828
13659037,0.33799425
95748592,0.8036999
65220466,0.022805424
32439129,0.46166417
56939523,0.40507168
31333924,0.026570035
22203942,0.973973
39358235,0.4239105
84194040,0.5176821
77856088,0.4021294
36951274,0.65716743
15598730,0.5047449
8610584,0.8462149
76182785,0.04933512
81283191,0.7936678
86759507,0.11307484
24864601,0.82063836
55088715,0.2615783
94271606,0.757184
75733224,0.43319607
45082517,0.8678443
33363936,0.4239105
74760028,0.026471445
21330554,0.9819134
9807993,0.80331093
67088724,0.040836807
93851389,0.27620387
29801711,0.88750994
38819489,0.4239105
2467346,0.22088572
87391363,0.096634924
760558,0.1953444
52685147,0.4239105
99194934,0.591577
22739382,0.5235421
46037128,0.958773
7176009,0.36357155
12273634,0.17832913
86369588,0.15242113
55076114,0.1431314
79791349,0.43519318
30006817,0.3937824
78941524,0.10822029
49365990,0.89625216
55199234,0.5124424
7054459,0.4239105
45600604,0.3614289
92569234,0.9158369
58075552,0.6124792
92152611,0.6363147
97221648,0.07307146
75346002,0.4239105
64627292,0.34619838
89095703,0.4239105
98687107,0.20974141
95942495,0.36038443
69782822,0.02276071
66119425,0.10396556
49141264,0.34676188
29788602,0.0095494315
33026740,0.4239105
16253417,0.4239105
19031983,0.43704662
9363087,0.016367873
98273636,0.030157568
10598219,0.15381399
41439986,0.011574586
64647717,0.056228757
91575818,0.019825185
20266038,0.4239105
66838542,0.94350183
99729098,0.4239105
36153872,0.4239105
13418393,0.84696525
99418967,0.03559472
58023930,0.5792259
76123682,0.6448579
95110266,0.4377901
49648180,0.28739303
6128165,0.08751503
64472759,0.23691627
62408292,0.78848094
52874920,0.8575925
56937730,0.42351872
58979178,0.06280749
93035249,0.4239105
10682079,0.924208
13552331,0.8001557
79431697,0.20826623
91712876,0.05819902
12711646,0.8153894
18470346,0.761029
5249686,0.96923625
63815810,0.6028416
54741237,0.8080534
84403363,0.47396865
57070076,0.4239105
43175913,0.09146629
26396464,0.8954226
90759096,0.38024017
4638377,0.031148948
14154413,0.5051071
89786835,0.4239105
64359200,0.07944012
77169964,0.013402852
3918071,0.74646795
1643831,0.35114604
62434324,0.32919586
17340837,0.843573
40544411,0.27644795
28976550,0.8317623
37454994,0.31280807
52591439,0.67734045
67014164,0.69989914
25445257,0.6940189
18571719,0.3126384
79206023,0.23529539
27911465,0.57383144
96151095,0.33645388
29011261,0.010226821
28565998,0.17372543
56988646,0.33485004
86153858,0.23807238
19954875,0.9680495
26147466,0.0138547
13620003,0.4239105
96496203,0.19119917
26689827,0.63973224
21489148,0.59372884
47403260,0.9946126
57919012,0.2910425
50130368,0.4239105
94308769,0.7439176
45211171,0.071068786
85284514,0.030934708
34860405,0.4151034
30699304,0.6443054
71632352,0.96929497
38120939,0.51720244
70738904,0.9411651
13872241,0.4239105
8311063,0.4184717
11935430,0.55726886
72855316,0.10386203
90949661,0.68486357
38928200,0.4239105
41602678,0.024521228
86841018,0.9861237
30085165,0.15564974
89069735,0.31777644
71190411,0.5852971
16274002,0.68372416
22665815,0.79462534
3453773,0.5480283
82797588,0.26662636
5873100,0.26348266
50707517,0.08783671
95682784,0.057944905
66717911,0.43475896
67175981,0.93215215
61335203,0.3160418
83334930,0.40439087
6740969,0.93815136
10304262,0.49097624
32469456,0.07911446
42018297,0.4239105
74331777,0.9792996
64952541,0.015708596
8320225,0.11777707
84457808,0.6348191
73985249,0.028687542
38659969,0.49097624
28818415,0.8116022
31835145,0.06967487
53010322,0.4239105
76566285,0.18908122
53361712,0.02848442
68874729,0.15263344
98860154,0.81152046
33966960,0.65712976
16527738,0.93424976
70128202,0.4239105
5351670,0.23690353
60320033,0.16573575
18812819,0.036840346
83902689,0.46869865
2444292,0.17336172
75859815,0.25515583
55221263,0.98220694
29339434,0.67187
14166485,0.9463273
41359098,0.795909
59912360,0.4239105
10018695,0.4877911
20200583,0.44674912
55799185,0.34830645
28725127,0.5587217
11529524,0.17208336
41629286,0.12856698
24201843,0.4239105
85660140,0.6734053
73227910,0.80388397
9149677,0.44462922
19860515,0.52030635
61133128,0.45336828
77992281,0.458964
65933176,0.97590065
88727220,0.84937197
42393167,0.5977835
14892960,0.53627145
5179705,0.07597911
26348533,0.4239105
44464397,0.74649787
14866430,0.9091634
56187152,0.051417537
84155622,0.4816074
65224677,0.37226012
5115320,0.58912
38209893,0.048708092
71213789,0.015608801
40949707,0.71121657
78714161,0.93317294
94012245,0.43364528
90820233,0.85934806
46270513,0.04765549
94751380,0.9860292
66391854,0.78101474
97811444,0.2712645
98276580,0.11407984
26698770,0.3520664
78955924,0.5887916
77686369,0.69138414
172390,0.30004433
45702843,0.36463767
48098545,0.4239105
84103169,0.4239105
30644657,0.09314823
40340012,0.40840763
45696212,0.4239105
20539604,0.8421985
67680924,0.36517802
15867759,0.27688792
63688905,0.13662893
92491235,0.4982457
18935419,0.009849736
39559389,0.4239105
98373084,0.9723174
70624880,0.18722883
31069536,0.84348476
19922031,0.14183187
47589106,0.4239105
74476679,0.9159773
93428215,0.28162727
28759598,0.14619796
24076942,0.60450315
74218826,0.28512037
32616105,0.65712976
97084564,0.18141873
10403039,0.39536405
96626493,0.19168796
72956635,0.3233394
52823541,0.11464266
18213223,0.031209774
30172244,0.26988095
94397499,0.18447262
28606276,0.23174061
36623340,0.7312999
59994859,0.39415497
59167103,0.24975666
21940747,0.4239105
57823642,0.021771997
99305752,0.123932734
82581973,0.90650266
81862398,0.21210499
43192812,0.82695067
5650565,0.17093067
40122429,0.9773471
75152402,0.741845
11460051,0.18447262
72087231,0.93829554
70277633,0.4239105
18528564,0.24576502
36619588,0.31170565
77880992,0.9276989
750056,0.89028186
89206126,0.4239105
47304072,0.08996787
88515012,0.72541404
8039989,0.13924901
31311421,0.15178618
63233186,0.07529543
39351532,0.23123996
20795048,0.4239105
57948758,0.58513594
99266697,0.2614512
77019439,0.02627873
86370215,0.44961986
86538345,0.14057167
75445093,0.52185374
10126330,0.5289219
82760821,0.94783264
10252148,0.78784204
36305254,0.6702902
27233366,0.59240854
78223460,0.13984153
10014090,0.010728202
96345792,0.81040424
80383406,0.4239105
79278466,0.110534824
29442850,0.4239105
18152172,0.4239105
2426906,0.03469519
21328244,0.45729947
50340227,0.9153734
60525551,0.20776767
5593463,0.12464274
52518753,0.109876394
61713959,0.21117555
78121191,0.03513657
88794218,0.29668164
8785015,0.07758189
72327046,0.90813017
11573006,0.98694557
49220108,0.4961589
53270690,0.836657
57665351,0.072867006
69715217,0.26991794
40072019,0.08446197
32713709,0.121857
49163174,0.023897482
66864421,0.8200251
17888939,0.346651
867851,0.21117555
26952117,0.37464103
25311951,0.11388687
50246189,0.9826912
57984645,0.34908724
82683681,0.9873202
67473291,0.9789564
91278241,0.26988095
27966663,0.36830276
84203354,0.8433948
1298146,0.89307165
63879297,0.27965784
6987246,0.37033474
89740943,0.7484481
53053662,0.013579697
86714506,0.38536867
26342114,0.23579954
6812280,0.7839938
46148987,0.6441549
85862843,0.12326927
62001381,0.33370143
87902560,0.042398788
16371796,0.21833721
80591981,0.7253812
13011786,0.92938143
79963943,0.8617814
11625700,0.75393444
98362353,0.9351544
58004721,0.90001416
48925997,0.4239105
54130460,0.7721106
88131351,0.53692317
83517007,0.017311944
94362880,0.24977514
80981100,0.9674636
17096973,0.6527708
95475172,0.23054712
54460104,0.7479491
50068531,0.1535534
84130274,0.1952747
81429049,0.41140294
70837587,0.91882956
31151172,0.58526295
39170539,0.3233394
62245522,0.799089
45567492,0.4239105
48895853,0.17448424
21002565,0.30013606
46999340,0.42534196
14988970,0.91191864
36992402,0.37148327
59880944,0.15994504
45709137,0.4239105
23329206,0.050190307
61813188,0.077835105
83266060,0.009433834
11925955,0.19342144
29353035,0.39652076
87125342,0.037491247
56220704,0.852301
65956325,0.28886297
19261311,0.6589578
72430383,0.7357875
5591410,0.6368232
13670238,0.41835728
1810386,0.30144775
42358512,0.022302363
45340584,0.20641325
9992069,0.6572976
81900784,0.9566593
37300700,0.079039
7738852,0.037545107
64243199,0.1131689
25059462,0.24534482
20244690,0.105429195
72099201,0.77980846
97687262,0.4239105
76655905,0.31432343
11661664,0.4239105
45982409,0.2975723
49600907,0.18205266
59863981,0.376764
60751900,0.3233394
85854450,0.4239105
2705672,0.51392937
73448532,0.054852538
62052075,0.4771824
10722119,0.5843643
3357959,0.025134219
36482800,0.12663625
61968077,0.90051764
186730,0.63843554
32731799,0.34043863
32555286,0.14983454
90278223,0.040383007
19903269,0.32283112
77245317,0.009259869
65460714,0.7688361
5442432,0.35433877
93798164,0.69900995
64862509,0.5048128
53748811,0.9028852
81456554,0.80837345
92785744,0.6485214
20963156,0.4239105
28257491,0.4239105
59709592,0.075500436
36092410,0.03163149
24133283,0.92886657
86304957,0.16144381
84734887,0.91182464
86680398,0.033393327
49749306,0.06353114
65658944,0.43030715
84710659,0.4239105
93221804,0.33031654
82665096,0.49406716
46606761,0.4239105
96083218,0.33214232
97586387,0.57613015
90691233,0.4239105
24657317,0.017934974
17576256,0.026180256
62509484,0.9484225
73067127,0.13948275
15197816,0.9788761
13358704,0.21786776
40400496,0.4239105
79937759,0.830133
74708086,0.0789359
71466187,0.09955632
2992932,0.29294154
5529000,0.08592612
63640377,0.02038832
24271809,0.03002761
81374126,0.6213953
28339867,0.9754993
16604678,0.6919813
29983674,0.8436505
59233664,0.19879653
92636266,0.5066372
70888346,0.398168
73197417,0.07445649
96297127,0.79758257
26863470,0.47203538
98215373,0.2171753
72469614,0.12490643
68399884,0.23373154
62727101,0.04447424
4829848,0.27965784
30755081,0.103626475
57288373,0.30759788
29840382,0.84057784
27445778,0.2877487
52382187,0.71180975
71902723,0.031266022
92259194,0.6742128
52588558,0.4239105
23924835,0.7508854
3440764,0.69215685
86695282,0.56008697
73510477,0.2877487
54209192,0.833811
61078488,0.04064848
68961483,0.4239105
71719624,0.19839746
70326821,0.33796751
86509530,0.26743147
97567417,0.22999556
78917074,0.14271644
54002443,0.8669973
66241278,0.51392937
82561709,0.48181918
74951485,0.75402665
82174396,0.4239105
3788060,0.7754443
41880269,0.92888725
45510423,0.15722246
15044221,0.42879897
85327,0.4239105
23849001,0.39518017
57295414,0.5323547
28444589,0.9635979
30439633,0.8342299
12976812,0.21350609
40133287,0.12416416
61324530,0.2571038
80557463,0.10280218
71746746,0.12584357
41214068,0.28123996
63842332,0.84288454
43124703,0.4239105
91764449,0.37675714
61774332,0.4239105
82376700,0.93080485
28557894,0.65079254
64700052,0.055919353
20467257,0.4239105
53610753,0.1631446
37942288,0.041563835
66171394,0.6125213
88536358,0.94747734
6512034,0.038358912
76012702,0.44487756
98151823,0.4239105
89989620,0.20369978
16049334,0.926893
94668608,0.34443688
15894791,0.23289739
22161142,0.4239105
8260849,0.036102824
77320734,0.78118193
41391145,0.026477112
73474493,0.21117555
54372604,0.20420308
168767,0.9153864
12437618,0.0041600466
27558571,0.23686023
53430793,0.4239105
94225315,0.63906604
59313494,0.4239105
15166647,0.09102533
5987772,0.06658206
26530363,0.1724604
65231233,0.0040914393
60434712,0.78577673
312146,0.7419798
90370030,0.45967767
68191064,0.04440959
28081323,0.124142535
48048713,0.012689706
43957579,0.06419566
61244703,0.029459707
64694340,0.93329734
7443671,0.26828122
11637315,0.87225527
49254761,0.98405194
17832283,0.4239105
61385934,0.10577249
33666459,0.89570117
36775363,0.8959418
88062761,0.3824644
94018403,0.48373282
54485932,0.17982166
987798,0.34073532
31360931,0.6351641
43835016,0.58817095
12042186,0.8424518
34352632,0.9488591
84979902,0.3080249
21888387,0.12180402
94982732,0.72716975
25935635,0.51030034
15729290,0.2068174
94999085,0.14192763
18877330,0.8213157
27686598,0.6454933
48023957,0.7228935
82539477,0.1300129
50194173,0.2682704
12707826,0.5353566
74351422,0.41309798
52424807,0.32048383
48765335,0.4239105
92843976,0.6416689
79244627,0.237133
15413183,0.4239105
7260407,0.09210754
46783234,0.10676838
99165645,0.025293773
11691762,0.0071862517
30840108,0.9345629
34629057,0.331552
29833434,0.27125806
64612686,0.5456665
68273832,0.93639266
23204999,0.4239105
38127370,0.4239105
10476857,0.4239105
55418175,0.92504114
58587337,0.4239105
84591427,0.4239105
76580001,0.559649
76389630,0.38811353
4415650,0.40495282
51070933,0.4239105
50281345,0.4239105
69925212,0.19036517
70892783,0.31089243
68123922,0.221435
25533019,0.9091043
71867287,0.31629583
48771470,0.8257611
36759361,0.9529323
66802399,0.6524101
11123573,0.050999098
14221391,0.5789647
32358446,0.29154104
13637343,0.88352996
8806206,0.04047637
42689265,0.530665
35082187,0.21825404
55185794,0.43910044
82839957,0.03378928
92858142,0.015193009
2692812,0.101208
80092328,0.21117555
91395350,0.09552561
27071478,0.086416185
71485222,0.2558144
58266143,0.75814694
12785195,0.87253445
93031909,0.02603036
65158867,0.09422673
23014262,0.6052533
5542063,0.49816895
81330533,0.46102783
74800099,0.891395
48038681,0.2640775
87851013,0.7369532
68988272,0.68594337
52586875,0.38899747
19886336,0.025852975
82433747,0.024287727
13241753,0.07117102
25533203,0.4239105
77226156,0.23350756
55358788,0.063550435
22061791,0.6737887
81254554,0.6824543
76343616,0.17336172
72605688,0.20015326
60228118,0.09226271
28014294,0.990013
93636779,0.027275197
55192578,0.16352858
71644043,0.7973765
23190416,0.232851
87961010,0.43711603
60953316,0.20989712
31100225,0.35590565
79340305,0.38314357
80783299,0.09503089
31279058,0.3743205
69693001,0.2895398
86244234,0.66330737
56709831,0.94016784
95731809,0.26688462
28112647,0.48199677
25439154,0.25077257
49339691,0.39923334
99751100,0.3185102
49604034,0.4239105
79161779,0.90444714
55483265,0.41334304
84380814,0.28162727
90759354,0.0046041715
38149474,0.116052434
53468179,0.91687
2702587,0.23966107
35624532,0.2555588
62427467,0.56008697
12282192,0.34612134
53522229,0.29200977
91996945,0.85524374
89323856,0.9437405
3093845,0.9643841
3729674,0.33809516
73402777,0.057228953
42828657,0.013021587
21335190,0.12514767
87450579,0.4239105
7417224,0.32825553
68824824,0.4239105
49463493,0.61810714
2649097,0.27346402
96889493,0.5465373
69202436,0.103167176
85648406,0.8130101
72921986,0.6511279
94156006,0.4239105
12925117,0.8964769
8251225,0.15092757
68234295,0.9276944
25726952,0.4679634
26972587,0.27747238
76547967,0.92673206
21275495,0.84143126
7190640,0.049726784
4078534,0.92461926
16843415,0.4239105
54236542,0.05397578
85783576,0.4877911
45225176,0.45962316
96016945,0.055493418
78665301,0.6351755
63445893,0.4239105
62309471,0.9956182
37096892,0.22742185
57512566,0.32909104
61436963,0.41784292
65283526,0.8073345
27222211,0.16007946
12697220,0.48531076
24599321,0.47155306
45758154,0.25153312
97502266,0.07340289
22617472,0.6757081
15206594,0.016146554
55083943,0.7589741
23912204,0.41307917
48259494,0.4239105
93314098,0.17504136
44284908,0.13015352
13246133,0.9165179
570018,0.90824807
94822605,0.83656
12981242,0.6249465
75724912,0.51262665
23427716,0.2774928
7529955,0.4239105
99643686,0.06260485
1701585,0.4151759
66227697,0.4239105
16563768,0.836238
302489,0.3377947
72547488,0.2716432
25867134,0.9163193
78408006,0.84651566
48746395,0.19908938
44662423,0.21824078
9184053,0.7163627
30834367,0.81357384
61520864,0.9267572
59867751,0.27644795
94680386,0.39747423
39354399,0.15199307
89157170,0.01905796
56783348,0.91010255
32285354,0.11077217
28893182,0.6373902
87784181,0.43112147
37407799,0.19974661
41764042,0.45582095
67710245,0.88847953
29576425,0.88102376
35005722,0.0040963893
66190992,0.09952435
10696706,0.47140867
67453486,0.38113934
66434526,0.8928109
25793682,0.18837894
11931380,0.1493736
19621396,0.9833281
6230637,0.6028589
72674186,0.8947399
20784292,0.4512641
12520991,0.5010852
21077584,0.5431368
50082056,0.2300336
30079889,0.71618587
70027904,0.9313767
23329654,0.07200525
44274164,0.4239105
6777272,0.6577857
90199889,0.4239105
34924644,0.4797396
63474988,0.9642928
87410536,0.5423354
86147502,0.4239105
19837712,0.4239105
4181983,0.88513577
20852671,0.83219707
63109769,0.50643474
10334951,0.66411006
1230741,0.43625438
73263344,0.79833895
6815,0.530665
78593569,0.10310948
93329704,0.013984887
70635851,0.4239105
21262060,0.09407912
79583123,0.4239105
69546316,0.6622706
47263147,0.64870197
2354592,0.86258554
29493830,0.8447652
89573230,0.4062081
17113299,0.4239105
97513780,0.22039735
23030452,0.4239105
34852168,0.4239105
97542198,0.2164508
32321307,0.8518846
51838392,0.01567502
70420440,0.6801217
87945762,0.43015388
86796306,0.5595494
97938106,0.58963615
603086,0.4478407
86200878,0.6184736
57153147,0.9525571
30506468,0.4239105
37431906,0.21117555
17703557,0.94030386
49895677,0.32302368
64634486,0.4239105
16213543,0.71180975
50034854,0.6759004
49114415,0.10441541
96458290,0.1034476
12116728,0.11730597
75521890,0.5805086
74134155,0.015363445
29505771,0.692436
56755639,0.4239105
80223109,0.93536323
91848781,0.15700324
19438089,0.9500703
65234865,0.49097624
56159156,0.7333276
5546147,0.064937904
56075018,0.008423183
890531,0.81202644
43214130,0.07588774
5063900,0.52185374
17958840,0.09415665
35803543,0.16816188
73205353,0.07702951
65309740,0.82539034
54779436,0.5829325
28934622,0.4239105
27151776,0.24754997
44515592,0.20785522
86274674,0.98013866
8890644,0.7876577
3356075,0.18878497
66495185,0.20754269
73778579,0.020870121
93097735,0.14061971
31044034,0.8277559
33387370,0.3632224
20254708,0.0044534784
26175533,0.494421
81058555,0.6816694
56342135,0.4877911
15836839,0.5124042
67939153,0.93876576
53882112,0.80376625
3321077,0.22271532
90858767,0.8538153
43300058,0.20413584
25227354,0.07977386
52636150,0.76845187
47812425,0.21317156
13605073,0.83699465
61542297,0.9853742
24316154,0.13191678
21215477,0.9237334
23942860,0.4239105
43046245,0.9536861
76932822,0.4239105
67715187,0.34261745
23409492,0.28423905
68742453,0.054785233
58046523,0.63518137
63394997,0.41111842
80921652,0.28390482
74917343,0.3185102
51734050,0.60578954
33342698,0.4239105
92919566,0.037785627
93183173,0.64457387
61781661,0.007914079
14630687,0.121393226
35643572,0.7733332
21227440,0.16044673
20366336,0.037630387
24654877,0.39195
26983288,0.3233394
72149080,0.022777978
61628505,0.17787494
61978280,0.9819181
25022645,0.11904846
25377986,0.9479004
75581098,0.6009436
84561375,0.46831793
20190882,0.13927668
24812943,0.6238514
64887559,0.121228725
83441417,0.33282182
97645998,0.888726
85678569,0.05256514
87655247,0.6778612
71922409,0.6772852
41564128,0.048309296
34787585,0.068769604
44325600,0.9473665
71263781,0.09580191
88668155,0.09099805
91097632,0.9315644
28781763,0.34386802
61034383,0.59359705
46062086,0.4239105
63660394,0.39573878
42224807,0.9769712
67271436,0.09423747
6070760,0.42892066
23207606,0.72182816
63923246,0.9729317
47056744,0.98219234
20320139,0.9730217
61287858,0.4239105
33973846,0.22069988
72896314,0.675463
30560785,0.92817837
66575542,0.4239105
25773882,0.561733
19805868,0.74925435
3902265,0.18951403
13910371,0.03303161
38634695,0.60528594
67383663,0.061957035
59848566,0.45408008
76922612,0.34990677
58021788,0.26276377
5010022,0.91000015
37690416,0.92690724
18501812,0.93128526
68779832,0.3021885
35138403,0.4239105
25826539,0.2545607
55048771,0.9688737
48644905,0.4239105
83519788,0.8161273
24270279,0.71582776
20881726,0.06176171
65423932,0.5119438
76132762,0.048669692
28786138,0.90088606
55875274,0.4239105
80127004,0.89211315
85635610,0.9458862
74639060,0.6414996
99613276,0.039503746
36162951,0.3876073
33343185,0.814367
97076546,0.26988095
91485618,0.9076987
14990644,0.10335947
10464121,0.06898572
70930381,0.20739824
79244056,0.14846753
63720618,0.97713315
78585529,0.27644795
36973559,0.03554644
11446286,0.024635633
76844676,0.3071472
46392653,0.73118985
65734444,0.28123996
31693859,0.1707195
42896093,0.4239105
55253976,0.14690048
70502896,0.13265991
96131268,0.65377134
84077404,0.06517917
3241242,0.8365755
90879835,0.14816387
41867930,0.037408646
13267878,0.21117555
74619328,0.10530246
52612001,0.9055516
87674501,0.05273461
64980975,0.35207736
57591916,0.698451
91301143,0.0430775
50571226,0.4239105
85834562,0.28828055
6802435,0.13620535
28074722,0.78106016
2777285,0.4239105
51499900,0.18711764
17396832,0.022923518
51025144,0.17513895
57891135,0.93795365
96661157,0.12233427
76770632,0.294814
74975576,0.19461922
14736748,0.04302316
79743129,0.16827248
88679468,0.5465532
52175576,0.70932704
89647691,0.75918293
53818229,0.95762116
88924303,0.3329773
28118312,0.13543324
80112107,0.2800861
